INSERT INTO fornecedores (id, nome) VALUES (1,'Pedro');
INSERT INTO fornecedores (id, nome) VALUES (2,'Carlos');
INSERT INTO fornecedores (id, nome) VALUES (3,'Andre');
INSERT INTO fornecedores (id, nome) VALUES (4,'Marilda');
INSERT INTO fornecedores (id, nome) VALUES (5,'Julia');
INSERT INTO fornecedores (id, nome) VALUES (6,'Jariano');
INSERT INTO fornecedores (id, nome) VALUES (7,'Cássio');
INSERT INTO fornecedores (id, nome) VALUES (8,'Cleiton');
INSERT INTO fornecedores (id, nome) VALUES (9,'Cristina');
INSERT INTO fornecedores (id, nome) VALUES (10,'Sarah');

---

INSERT INTO produtos (id, nome, referencia, preco) VALUES (1,'Mouse','145697','150');
INSERT INTO produtos (id, nome, referencia, preco) VALUES (2,'TV','6844886','1000');
INSERT INTO produtos (id, nome, referencia, preco) VALUES (3,'Monitor','7563445','800');
INSERT INTO produtos (id, nome, referencia, preco) VALUES (4,'Faca de Cozinha','455564','50');
INSERT INTO produtos (id, nome, referencia, preco) VALUES (5,'Copo de Vidro','148864','5');
INSERT INTO produtos (id, nome, referencia, preco) VALUES (6,'Liquidificador','87456','115');
INSERT INTO produtos (id, nome, referencia, preco) VALUES (7,'Refrigetante 2L','6644','8');
INSERT INTO produtos (id, nome, referencia, preco) VALUES (8,'Água 600ml','745661','3');
INSERT INTO produtos (id, nome, referencia, preco) VALUES (9,'Cerveja 600ml','964545','5');
INSERT INTO produtos (id, nome, referencia, preco) VALUES (10,'Tênis','635445','250');
INSERT INTO produtos (id, nome, referencia, preco) VALUES (11,'Meia','55776','14');
INSERT INTO produtos (id, nome, referencia, preco) VALUES (12,'Ventilador','45865','39');
INSERT INTO produtos (id, nome, referencia, preco) VALUES (13,'Playstation 4','48564','1399');
INSERT INTO produtos (id, nome, referencia, preco) VALUES (14,'Perfume 100ml','741258','121');
INSERT INTO produtos (id, nome, referencia, preco) VALUES (15,'Caneca','369852','29.90');
INSERT INTO produtos (id, nome, referencia, preco) VALUES (16,'Caderno','82258','15.99');
INSERT INTO produtos (id, nome, referencia, preco) VALUES (17,'Fone de Ouvido','566325','31.00');
INSERT INTO produtos (id, nome, referencia, preco) VALUES (18,'Chinelo','36589','9.90');
INSERT INTO produtos (id, nome, referencia, preco) VALUES (19,'Pantufa','566544755','15.90');
INSERT INTO produtos (id, nome, referencia, preco) VALUES (20,'Camisa','2656566','40');
INSERT INTO produtos (id, nome, referencia, preco) VALUES (21,'Calça','3545842','30.99');
INSERT INTO produtos (id, nome, referencia, preco) VALUES (22,'Calção','89595647','25.90');
INSERT INTO produtos (id, nome, referencia, preco) VALUES (23,'Jaqueta','12345214','110');
INSERT INTO produtos (id, nome, referencia, preco) VALUES (24,'Mochila','3652','50');
INSERT INTO produtos (id, nome, referencia, preco) VALUES (25,'Salgadinho','2584','5.90');
INSERT INTO produtos (id, nome, referencia, preco) VALUES (26,'Queijo','4575','3.25');
INSERT INTO produtos (id, nome, referencia, preco) VALUES (27,'Cup Noodles','6523','3');

---

INSERT INTO produtos_fornecedores (id, produtos_id, fornecedores_id) VALUES (1,1,1);
INSERT INTO produtos_fornecedores (id, produtos_id, fornecedores_id) VALUES (2,10,1);
INSERT INTO produtos_fornecedores (id, produtos_id, fornecedores_id) VALUES (3,27,1);
INSERT INTO produtos_fornecedores (id, produtos_id, fornecedores_id) VALUES (4,1,2);
INSERT INTO produtos_fornecedores (id, produtos_id, fornecedores_id) VALUES (5,5,2);
INSERT INTO produtos_fornecedores (id, produtos_id, fornecedores_id) VALUES (6,6,2);
INSERT INTO produtos_fornecedores (id, produtos_id, fornecedores_id) VALUES (7,7,3);
INSERT INTO produtos_fornecedores (id, produtos_id, fornecedores_id) VALUES (8,5,3);
INSERT INTO produtos_fornecedores (id, produtos_id, fornecedores_id) VALUES (9,18,3);
INSERT INTO produtos_fornecedores (id, produtos_id, fornecedores_id) VALUES (10,8,4);
INSERT INTO produtos_fornecedores (id, produtos_id, fornecedores_id) VALUES (11,19,4);
INSERT INTO produtos_fornecedores (id, produtos_id, fornecedores_id) VALUES (12,20,4);
INSERT INTO produtos_fornecedores (id, produtos_id, fornecedores_id) VALUES (13,20,5);
INSERT INTO produtos_fornecedores (id, produtos_id, fornecedores_id) VALUES (14,21,5);
INSERT INTO produtos_fornecedores (id, produtos_id, fornecedores_id) VALUES (15,27,5);
INSERT INTO produtos_fornecedores (id, produtos_id, fornecedores_id) VALUES (16,2,6);
INSERT INTO produtos_fornecedores (id, produtos_id, fornecedores_id) VALUES (17,5,6);
INSERT INTO produtos_fornecedores (id, produtos_id, fornecedores_id) VALUES (18,14,6);
INSERT INTO produtos_fornecedores (id, produtos_id, fornecedores_id) VALUES (19,14,7);
INSERT INTO produtos_fornecedores (id, produtos_id, fornecedores_id) VALUES (20,15,7);
INSERT INTO produtos_fornecedores (id, produtos_id, fornecedores_id) VALUES (21,16,7);
INSERT INTO produtos_fornecedores (id, produtos_id, fornecedores_id) VALUES (22,17,8);
INSERT INTO produtos_fornecedores (id, produtos_id, fornecedores_id) VALUES (23,2,8);
INSERT INTO produtos_fornecedores (id, produtos_id, fornecedores_id) VALUES (24,16,8);
INSERT INTO produtos_fornecedores (id, produtos_id, fornecedores_id) VALUES (25,12,9);
INSERT INTO produtos_fornecedores (id, produtos_id, fornecedores_id) VALUES (26,14,9);
INSERT INTO produtos_fornecedores (id, produtos_id, fornecedores_id) VALUES (27,15,9);
INSERT INTO produtos_fornecedores (id, produtos_id, fornecedores_id) VALUES (28,10,10);
INSERT INTO produtos_fornecedores (id, produtos_id, fornecedores_id) VALUES (29,1,10);
INSERT INTO produtos_fornecedores (id, produtos_id, fornecedores_id) VALUES (30,12,10);
INSERT INTO produtos_fornecedores (id, produtos_id, fornecedores_id) VALUES (31,25,1);
INSERT INTO produtos_fornecedores (id, produtos_id, fornecedores_id) VALUES (32,20,1);
INSERT INTO produtos_fornecedores (id, produtos_id, fornecedores_id) VALUES (33,8,1);
INSERT INTO produtos_fornecedores (id, produtos_id, fornecedores_id) VALUES (34,9,2);
INSERT INTO produtos_fornecedores (id, produtos_id, fornecedores_id) VALUES (35,8,2);
INSERT INTO produtos_fornecedores (id, produtos_id, fornecedores_id) VALUES (36,23,2);
INSERT INTO produtos_fornecedores (id, produtos_id, fornecedores_id) VALUES (37,14,3);
INSERT INTO produtos_fornecedores (id, produtos_id, fornecedores_id) VALUES (38,19,3);
INSERT INTO produtos_fornecedores (id, produtos_id, fornecedores_id) VALUES (39,15,3);
INSERT INTO produtos_fornecedores (id, produtos_id, fornecedores_id) VALUES (40,1,4);
INSERT INTO produtos_fornecedores (id, produtos_id, fornecedores_id) VALUES (41,3,4);
INSERT INTO produtos_fornecedores (id, produtos_id, fornecedores_id) VALUES (42,6,4);
INSERT INTO produtos_fornecedores (id, produtos_id, fornecedores_id) VALUES (43,26,5);
INSERT INTO produtos_fornecedores (id, produtos_id, fornecedores_id) VALUES (44,7,5);
INSERT INTO produtos_fornecedores (id, produtos_id, fornecedores_id) VALUES (45,5,5);
INSERT INTO produtos_fornecedores (id, produtos_id, fornecedores_id) VALUES (46,9,6);
INSERT INTO produtos_fornecedores (id, produtos_id, fornecedores_id) VALUES (47,26,6);
INSERT INTO produtos_fornecedores (id, produtos_id, fornecedores_id) VALUES (48,25,6);
INSERT INTO produtos_fornecedores (id, produtos_id, fornecedores_id) VALUES (49,10,7);
INSERT INTO produtos_fornecedores (id, produtos_id, fornecedores_id) VALUES (50,11,7);
INSERT INTO produtos_fornecedores (id, produtos_id, fornecedores_id) VALUES (51,12,7);
INSERT INTO produtos_fornecedores (id, produtos_id, fornecedores_id) VALUES (52,26,8);
INSERT INTO produtos_fornecedores (id, produtos_id, fornecedores_id) VALUES (53,24,8);
INSERT INTO produtos_fornecedores (id, produtos_id, fornecedores_id) VALUES (54,24,8);
INSERT INTO produtos_fornecedores (id, produtos_id, fornecedores_id) VALUES (55,21,9);
INSERT INTO produtos_fornecedores (id, produtos_id, fornecedores_id) VALUES (56,2,9);
INSERT INTO produtos_fornecedores (id, produtos_id, fornecedores_id) VALUES (57,22,9);
INSERT INTO produtos_fornecedores (id, produtos_id, fornecedores_id) VALUES (58,11,10);
INSERT INTO produtos_fornecedores (id, produtos_id, fornecedores_id) VALUES (59,4,10);
INSERT INTO produtos_fornecedores (id, produtos_id, fornecedores_id) VALUES (60,3,10);